ALTER table USER CHANGE UID UID int not null AUTO_INCREMENT;
ALTER table USER CHANGE EMAIL EMAIL varchar(64) not null unique;
ALTER table USER CHANGE USER_NAME USER_NAME varchar(32) not null unique;
insert into user(USER_NAME, EMAIL, PASSWORD, ISADMIN) values("tecton", "tecton69@gmail.com","11edbf240c921a81abbbf84c34c2a68f", "N");
insert into user(USER_NAME, EMAIL, PASSWORD, ISADMIN) values("lastland", "hnkfliyao@gmail.com","21232f297a57a5a743894a0e4a801fc3", "Y");
insert into user(USER_NAME, EMAIL, PASSWORD, ISADMIN) values("ovilia", "zwl.sjtu@gmail.com","d279355d571f249141fc5b860ff23636", "N");

ALTER table STATUS CHANGE SID SID int not null AUTO_INCREMENT;
insert into STATUS(UID, content) values(1, "Great!");
insert into STATUS(UID, content) values(1, "Good~");
insert into STATUS(UID, content) values(1, "Ordinary --");
insert into STATUS(UID, content) values(1, "Boring..");
insert into STATUS(UID, content) values(1, "Bad!");
insert into STATUS(UID, content) values(2, "Great!");
insert into STATUS(UID, content) values(2, "Good~");
insert into STATUS(UID, content) values(2, "Ordinary --");
insert into STATUS(UID, content) values(2, "Boring..");
insert into STATUS(UID, content) values(2, "Bad!");
insert into STATUS(UID, content) values(3, "Great!");
insert into STATUS(UID, content) values(3, "Good~");
insert into STATUS(UID, content) values(3, "Ordinary --");
insert into STATUS(UID, content) values(3, "Boring..");
insert into STATUS(UID, content) values(3, "Bad!");

insert into COMMENTS(UID, SID, COMID, content) values(1, 15, 0, "Agree");
insert into COMMENTS(UID, SID, COMID, content) values(1, 1, 1, "Disagree");
insert into COMMENTS(UID, SID, COMID, content) values(1, 2, 2, "Jiangyou..");
insert into COMMENTS(UID, SID, COMID, content) values(1, 3, 3, "Agree");
insert into COMMENTS(UID, SID, COMID, content) values(1, 4, 4, "Disagree");
insert into COMMENTS(UID, SID, COMID, content) values(2, 5, 5, "Disagree");
insert into COMMENTS(UID, SID, COMID, content) values(2, 6, 6, "Jiangyou..");
insert into COMMENTS(UID, SID, COMID, content) values(2, 7, 7, "Agree");
insert into COMMENTS(UID, SID, COMID, content) values(2, 8, 8, "Disagree");
insert into COMMENTS(UID, SID, COMID, content) values(2, 9, 9, "Jiangyou..");
insert into COMMENTS(UID, SID, COMID, content) values(3, 10, 10, "Jiangyou..");
insert into COMMENTS(UID, SID, COMID, content) values(3, 11, 11, "Agree");
insert into COMMENTS(UID, SID, COMID, content) values(3, 12, 12, "Disagree");
insert into COMMENTS(UID, SID, COMID, content) values(3, 13, 13, "Jiangyou..");
insert into COMMENTS(UID, SID, COMID, content) values(3, 14, 14, "Agree");

ALTER table MESSAGE CHANGE MID MID int not null AUTO_INCREMENT;
ALTER table MESSAGE CHANGE ISREAD ISREAD bool not null default false;
insert into MESSAGE(UID, Use_UID, isRead, content) values(1, 2, false, "Hello");
insert into MESSAGE(UID, Use_UID, isRead, content) values(1, 3, false, "Hi");
insert into MESSAGE(UID, Use_UID, isRead, content) values(2, 1, false, "Hello");
insert into MESSAGE(UID, Use_UID, isRead, content) values(2, 3, false, "Ohaiyo");
insert into MESSAGE(UID, Use_UID, isRead, content) values(3, 1, false, "Hi");
insert into MESSAGE(UID, Use_UID, isRead, content) values(3, 2, false, "Ohaiyo");

insert into FEEDS(FEEDER_ID, FED_ID) values(1, 2);
insert into FEEDS(FEEDER_ID, FED_ID) values(1, 3);

ALTER table TEACHER CHANGE TID TID int not null AUTO_INCREMENT;
insert into TEACHER(teacher_name) values("teacher1");
insert into TEACHER(teacher_name) values("teacher2");
insert into TEACHER(teacher_name) values("teacher3");
insert into TEACHER(teacher_name) values("teacher4");
insert into TEACHER(teacher_name) values("teacher5");
insert into TEACHER(teacher_name) values("teacher6");
insert into TEACHER(teacher_name) values("teacher7");
insert into TEACHER(teacher_name) values("teacher8");
insert into TEACHER(teacher_name) values("teacher9");
insert into TEACHER(teacher_name) values("teacher10");
insert into TEACHER(teacher_name) values("teacher11");
insert into TEACHER(teacher_name) values("teacher12");
insert into TEACHER(teacher_name) values("teacher13");
insert into TEACHER(teacher_name) values("teacher14");
insert into TEACHER(teacher_name) values("teacher15");
insert into TEACHER(teacher_name) values("teacher16");
insert into TEACHER(teacher_name) values("teacher17");
insert into TEACHER(teacher_name) values("teacher18");
insert into TEACHER(teacher_name) values("teacher19");
insert into TEACHER(teacher_name) values("teacher20");

insert into COURSE values("NA0", "2011", "2", "testCourse0");
insert into COURSE values("NA1", "2011", "2", "testCourse1");
insert into COURSE values("NA2", "2011", "2", "testCourse2");
insert into COURSE values("ME0", "2011", "2", "testCourse3");
insert into COURSE values("ME1", "2011", "2", "testCourse4");
insert into COURSE values("ME2", "2011", "2", "testCourse5");
insert into COURSE values("EE0", "2011", "2", "testCourse6");
insert into COURSE values("EE1", "2011", "2", "testCourse7");
insert into COURSE values("EE2", "2011", "2", "testCourse8");
insert into COURSE values("IS0", "2011", "2", "testCourse9");
insert into COURSE values("IS1", "2011", "2", "testCourse10");
insert into COURSE values("IS2", "2011", "2", "testCourse11");
insert into COURSE values("SE0", "2011", "2", "testCourse12");
insert into COURSE values("SE1", "2011", "2", "testCourse13");
insert into COURSE values("SE2", "2011", "2", "testCourse14");
insert into COURSE values("MS0", "2011", "2", "testCourse15");
insert into COURSE values("MS1", "2011", "2", "testCourse16");
insert into COURSE values("MS2", "2011", "2", "testCourse17");
insert into COURSE values("CS0", "2011", "2", "testCourse18");
insert into COURSE values("CS1", "2011", "2", "testCourse19");
insert into COURSE values("CS2", "2011", "2", "testCourse20");
insert into COURSE values("LS0", "2011", "2", "testCourse21");
insert into COURSE values("LS1", "2011", "2", "testCourse22");
insert into COURSE values("LS2", "2011", "2", "testCourse23");

ALTER table CLASS CHANGE CID CID int not null AUTO_INCREMENT;
insert into CLASS(course_code, year, semester) values("NA0", "2011", "2");
insert into CLASS(course_code, year, semester) values("NA1", "2011", "2");
insert into CLASS(course_code, year, semester) values("NA2", "2011", "2");
insert into CLASS(course_code, year, semester) values("ME0", "2011", "2");
insert into CLASS(course_code, year, semester) values("ME1", "2011", "2");
insert into CLASS(course_code, year, semester) values("ME2", "2011", "2");
insert into CLASS(course_code, year, semester) values("EE0", "2011", "2");
insert into CLASS(course_code, year, semester) values("EE1", "2011", "2");
insert into CLASS(course_code, year, semester) values("EE2", "2011", "2");
insert into CLASS(course_code, year, semester) values("IS0", "2011", "2");
insert into CLASS(course_code, year, semester) values("IS1", "2011", "2");
insert into CLASS(course_code, year, semester) values("IS2", "2011", "2");
insert into CLASS(course_code, year, semester) values("SE0", "2011", "2");
insert into CLASS(course_code, year, semester) values("SE1", "2011", "2");
insert into CLASS(course_code, year, semester) values("SE2", "2011", "2");
insert into CLASS(course_code, year, semester) values("MS0", "2011", "2");
insert into CLASS(course_code, year, semester) values("MS1", "2011", "2");
insert into CLASS(course_code, year, semester) values("MS2", "2011", "2");
insert into CLASS(course_code, year, semester) values("CS0", "2011", "2");
insert into CLASS(course_code, year, semester) values("CS1", "2011", "2");
insert into CLASS(course_code, year, semester) values("CS2", "2011", "2");
insert into CLASS(course_code, year, semester) values("LS0", "2011", "2");
insert into CLASS(course_code, year, semester) values("LS1", "2011", "2");
insert into CLASS(course_code, year, semester) values("LS2", "2011", "2");

ALTER table CLASSTIME CHANGE TIMEID TIMEID int not null AUTO_INCREMENT;
insert into CLASSTIME(start_time, end_time, day_of_week, week_of_semester) values("8:00", "9:40", 1, 1);
insert into CLASSTIME(start_time, end_time, day_of_week, week_of_semester) values("10:00", "11:40", 1, 1);
insert into CLASSTIME(start_time, end_time, day_of_week, week_of_semester) values("14:00", "15:40", 1, 1);
insert into CLASSTIME(start_time, end_time, day_of_week, week_of_semester) values("8:00", "9:40", 2, 1);
insert into CLASSTIME(start_time, end_time, day_of_week, week_of_semester) values("10:00", "11:40", 2, 1);
insert into CLASSTIME(start_time, end_time, day_of_week, week_of_semester) values("14:00", "15:40", 2, 1);
insert into CLASSTIME(start_time, end_time, day_of_week, week_of_semester) values("8:00", "9:40", 3, 1);
insert into CLASSTIME(start_time, end_time, day_of_week, week_of_semester) values("10:00", "11:40", 3, 1);
insert into CLASSTIME(start_time, end_time, day_of_week, week_of_semester) values("14:00", "15:40", 3, 1);
insert into CLASSTIME(start_time, end_time, day_of_week, week_of_semester) values("8:00", "9:40", 4, 1);
insert into CLASSTIME(start_time, end_time, day_of_week, week_of_semester) values("10:00", "11:40", 4, 1);
insert into CLASSTIME(start_time, end_time, day_of_week, week_of_semester) values("14:00", "15:40", 4, 1);
insert into CLASSTIME(start_time, end_time, day_of_week, week_of_semester) values("8:00", "9:40", 5, 1);
insert into CLASSTIME(start_time, end_time, day_of_week, week_of_semester) values("10:00", "11:40", 5, 1);
insert into CLASSTIME(start_time, end_time, day_of_week, week_of_semester) values("14:00", "15:40", 5, 1);
insert into CLASSTIME(start_time, end_time, day_of_week, week_of_semester) values("8:00", "9:40", 1, 2);
insert into CLASSTIME(start_time, end_time, day_of_week, week_of_semester) values("10:00", "11:40", 1, 2);
insert into CLASSTIME(start_time, end_time, day_of_week, week_of_semester) values("14:00", "15:40", 1, 2);
insert into CLASSTIME(start_time, end_time, day_of_week, week_of_semester) values("8:00", "9:40", 2, 2);
insert into CLASSTIME(start_time, end_time, day_of_week, week_of_semester) values("10:00", "11:40", 2, 2);
insert into CLASSTIME(start_time, end_time, day_of_week, week_of_semester) values("14:00", "15:40", 2, 2);
insert into CLASSTIME(start_time, end_time, day_of_week, week_of_semester) values("8:00", "9:40", 3, 2);
insert into CLASSTIME(start_time, end_time, day_of_week, week_of_semester) values("10:00", "11:40", 3, 2);
insert into CLASSTIME(start_time, end_time, day_of_week, week_of_semester) values("14:00", "15:40", 3, 2);
insert into CLASSTIME(start_time, end_time, day_of_week, week_of_semester) values("8:00", "9:40", 4, 2);
insert into CLASSTIME(start_time, end_time, day_of_week, week_of_semester) values("10:00", "11:40", 4, 2);
insert into CLASSTIME(start_time, end_time, day_of_week, week_of_semester) values("14:00", "15:40", 4, 2);
insert into CLASSTIME(start_time, end_time, day_of_week, week_of_semester) values("8:00", "9:40", 5, 2);
insert into CLASSTIME(start_time, end_time, day_of_week, week_of_semester) values("10:00", "11:40", 5, 2);
insert into CLASSTIME(start_time, end_time, day_of_week, week_of_semester) values("14:00", "15:40", 5, 2);
insert into CLASSTIME(start_time, end_time, day_of_week, week_of_semester) values("8:00", "9:40", 1, 3);
insert into CLASSTIME(start_time, end_time, day_of_week, week_of_semester) values("10:00", "11:40", 1, 3);
insert into CLASSTIME(start_time, end_time, day_of_week, week_of_semester) values("14:00", "15:40", 1, 3);
insert into CLASSTIME(start_time, end_time, day_of_week, week_of_semester) values("8:00", "9:40", 2, 3);
insert into CLASSTIME(start_time, end_time, day_of_week, week_of_semester) values("10:00", "11:40", 2, 3);
insert into CLASSTIME(start_time, end_time, day_of_week, week_of_semester) values("14:00", "15:40", 2, 3);
insert into CLASSTIME(start_time, end_time, day_of_week, week_of_semester) values("8:00", "9:40", 3, 3);
insert into CLASSTIME(start_time, end_time, day_of_week, week_of_semester) values("10:00", "11:40", 3, 3);
insert into CLASSTIME(start_time, end_time, day_of_week, week_of_semester) values("14:00", "15:40", 3, 3);
insert into CLASSTIME(start_time, end_time, day_of_week, week_of_semester) values("8:00", "9:40", 4, 3);
insert into CLASSTIME(start_time, end_time, day_of_week, week_of_semester) values("10:00", "11:40", 4, 3);
insert into CLASSTIME(start_time, end_time, day_of_week, week_of_semester) values("14:00", "15:40", 4, 3);
insert into CLASSTIME(start_time, end_time, day_of_week, week_of_semester) values("8:00", "9:40", 5, 3);
insert into CLASSTIME(start_time, end_time, day_of_week, week_of_semester) values("10:00", "11:40", 5, 3);
insert into CLASSTIME(start_time, end_time, day_of_week, week_of_semester) values("14:00", "15:40", 5, 3);
insert into CLASSTIME(start_time, end_time, day_of_week, week_of_semester) values("8:00", "9:40", 1, 4);
insert into CLASSTIME(start_time, end_time, day_of_week, week_of_semester) values("10:00", "11:40", 1, 4);
insert into CLASSTIME(start_time, end_time, day_of_week, week_of_semester) values("14:00", "15:40", 1, 4);
insert into CLASSTIME(start_time, end_time, day_of_week, week_of_semester) values("8:00", "9:40", 2, 4);
insert into CLASSTIME(start_time, end_time, day_of_week, week_of_semester) values("10:00", "11:40", 2, 4);
insert into CLASSTIME(start_time, end_time, day_of_week, week_of_semester) values("14:00", "15:40", 2, 4);
insert into CLASSTIME(start_time, end_time, day_of_week, week_of_semester) values("8:00", "9:40", 3, 4);
insert into CLASSTIME(start_time, end_time, day_of_week, week_of_semester) values("10:00", "11:40", 3, 4);
insert into CLASSTIME(start_time, end_time, day_of_week, week_of_semester) values("14:00", "15:40", 3, 4);
insert into CLASSTIME(start_time, end_time, day_of_week, week_of_semester) values("8:00", "9:40", 4, 4);
insert into CLASSTIME(start_time, end_time, day_of_week, week_of_semester) values("10:00", "11:40", 4, 4);
insert into CLASSTIME(start_time, end_time, day_of_week, week_of_semester) values("14:00", "15:40", 4, 4);
insert into CLASSTIME(start_time, end_time, day_of_week, week_of_semester) values("8:00", "9:40", 5, 4);
insert into CLASSTIME(start_time, end_time, day_of_week, week_of_semester) values("10:00", "11:40", 5, 4);
insert into CLASSTIME(start_time, end_time, day_of_week, week_of_semester) values("14:00", "15:40", 5, 4);
insert into CLASSTIME(start_time, end_time, day_of_week, week_of_semester) values("8:00", "9:40", 1, 5);
insert into CLASSTIME(start_time, end_time, day_of_week, week_of_semester) values("10:00", "11:40", 1, 5);
insert into CLASSTIME(start_time, end_time, day_of_week, week_of_semester) values("14:00", "15:40", 1, 5);
insert into CLASSTIME(start_time, end_time, day_of_week, week_of_semester) values("8:00", "9:40", 2, 5);
insert into CLASSTIME(start_time, end_time, day_of_week, week_of_semester) values("10:00", "11:40", 2, 5);
insert into CLASSTIME(start_time, end_time, day_of_week, week_of_semester) values("14:00", "15:40", 2, 5);
insert into CLASSTIME(start_time, end_time, day_of_week, week_of_semester) values("8:00", "9:40", 3, 5);
insert into CLASSTIME(start_time, end_time, day_of_week, week_of_semester) values("10:00", "11:40", 3, 5);
insert into CLASSTIME(start_time, end_time, day_of_week, week_of_semester) values("14:00", "15:40", 3, 5);
insert into CLASSTIME(start_time, end_time, day_of_week, week_of_semester) values("8:00", "9:40", 4, 5);
insert into CLASSTIME(start_time, end_time, day_of_week, week_of_semester) values("10:00", "11:40", 4, 5);
insert into CLASSTIME(start_time, end_time, day_of_week, week_of_semester) values("14:00", "15:40", 4, 5);
insert into CLASSTIME(start_time, end_time, day_of_week, week_of_semester) values("8:00", "9:40", 5, 5);
insert into CLASSTIME(start_time, end_time, day_of_week, week_of_semester) values("10:00", "11:40", 5, 5);
insert into CLASSTIME(start_time, end_time, day_of_week, week_of_semester) values("14:00", "15:40", 5, 5);
insert into CLASSTIME(start_time, end_time, day_of_week, week_of_semester) values("8:00", "9:40", 1, 6);
insert into CLASSTIME(start_time, end_time, day_of_week, week_of_semester) values("10:00", "11:40", 1, 6);
insert into CLASSTIME(start_time, end_time, day_of_week, week_of_semester) values("14:00", "15:40", 1, 6);
insert into CLASSTIME(start_time, end_time, day_of_week, week_of_semester) values("8:00", "9:40", 2, 6);
insert into CLASSTIME(start_time, end_time, day_of_week, week_of_semester) values("10:00", "11:40", 2, 6);
insert into CLASSTIME(start_time, end_time, day_of_week, week_of_semester) values("14:00", "15:40", 2, 6);
insert into CLASSTIME(start_time, end_time, day_of_week, week_of_semester) values("8:00", "9:40", 3, 6);
insert into CLASSTIME(start_time, end_time, day_of_week, week_of_semester) values("10:00", "11:40", 3, 6);
insert into CLASSTIME(start_time, end_time, day_of_week, week_of_semester) values("14:00", "15:40", 3, 6);
insert into CLASSTIME(start_time, end_time, day_of_week, week_of_semester) values("8:00", "9:40", 4, 6);
insert into CLASSTIME(start_time, end_time, day_of_week, week_of_semester) values("10:00", "11:40", 4, 6);
insert into CLASSTIME(start_time, end_time, day_of_week, week_of_semester) values("14:00", "15:40", 4, 6);
insert into CLASSTIME(start_time, end_time, day_of_week, week_of_semester) values("8:00", "9:40", 5, 6);
insert into CLASSTIME(start_time, end_time, day_of_week, week_of_semester) values("10:00", "11:40", 5, 6);
insert into CLASSTIME(start_time, end_time, day_of_week, week_of_semester) values("14:00", "15:40", 5, 6);
insert into CLASSTIME(start_time, end_time, day_of_week, week_of_semester) values("8:00", "9:40", 1, 7);
insert into CLASSTIME(start_time, end_time, day_of_week, week_of_semester) values("10:00", "11:40", 1, 7);
insert into CLASSTIME(start_time, end_time, day_of_week, week_of_semester) values("14:00", "15:40", 1, 7);
insert into CLASSTIME(start_time, end_time, day_of_week, week_of_semester) values("8:00", "9:40", 2, 7);
insert into CLASSTIME(start_time, end_time, day_of_week, week_of_semester) values("10:00", "11:40", 2, 7);
insert into CLASSTIME(start_time, end_time, day_of_week, week_of_semester) values("14:00", "15:40", 2, 7);
insert into CLASSTIME(start_time, end_time, day_of_week, week_of_semester) values("8:00", "9:40", 3, 7);
insert into CLASSTIME(start_time, end_time, day_of_week, week_of_semester) values("10:00", "11:40", 3, 7);
insert into CLASSTIME(start_time, end_time, day_of_week, week_of_semester) values("14:00", "15:40", 3, 7);
insert into CLASSTIME(start_time, end_time, day_of_week, week_of_semester) values("8:00", "9:40", 4, 7);
insert into CLASSTIME(start_time, end_time, day_of_week, week_of_semester) values("10:00", "11:40", 4, 7);
insert into CLASSTIME(start_time, end_time, day_of_week, week_of_semester) values("14:00", "15:40", 4, 7);
insert into CLASSTIME(start_time, end_time, day_of_week, week_of_semester) values("8:00", "9:40", 5, 7);
insert into CLASSTIME(start_time, end_time, day_of_week, week_of_semester) values("10:00", "11:40", 5, 7);
insert into CLASSTIME(start_time, end_time, day_of_week, week_of_semester) values("14:00", "15:40", 5, 7);
insert into CLASSTIME(start_time, end_time, day_of_week, week_of_semester) values("8:00", "9:40", 1, 8);
insert into CLASSTIME(start_time, end_time, day_of_week, week_of_semester) values("10:00", "11:40", 1, 8);
insert into CLASSTIME(start_time, end_time, day_of_week, week_of_semester) values("14:00", "15:40", 1, 8);
insert into CLASSTIME(start_time, end_time, day_of_week, week_of_semester) values("8:00", "9:40", 2, 8);
insert into CLASSTIME(start_time, end_time, day_of_week, week_of_semester) values("10:00", "11:40", 2, 8);
insert into CLASSTIME(start_time, end_time, day_of_week, week_of_semester) values("14:00", "15:40", 2, 8);
insert into CLASSTIME(start_time, end_time, day_of_week, week_of_semester) values("8:00", "9:40", 3, 8);
insert into CLASSTIME(start_time, end_time, day_of_week, week_of_semester) values("10:00", "11:40", 3, 8);
insert into CLASSTIME(start_time, end_time, day_of_week, week_of_semester) values("14:00", "15:40", 3, 8);
insert into CLASSTIME(start_time, end_time, day_of_week, week_of_semester) values("8:00", "9:40", 4, 8);
insert into CLASSTIME(start_time, end_time, day_of_week, week_of_semester) values("10:00", "11:40", 4, 8);
insert into CLASSTIME(start_time, end_time, day_of_week, week_of_semester) values("14:00", "15:40", 4, 8);
insert into CLASSTIME(start_time, end_time, day_of_week, week_of_semester) values("8:00", "9:40", 5, 8);
insert into CLASSTIME(start_time, end_time, day_of_week, week_of_semester) values("10:00", "11:40", 5, 8);
insert into CLASSTIME(start_time, end_time, day_of_week, week_of_semester) values("14:00", "15:40", 5, 8);
insert into CLASSTIME(start_time, end_time, day_of_week, week_of_semester) values("8:00", "9:40", 1, 9);
insert into CLASSTIME(start_time, end_time, day_of_week, week_of_semester) values("10:00", "11:40", 1, 9);
insert into CLASSTIME(start_time, end_time, day_of_week, week_of_semester) values("14:00", "15:40", 1, 9);
insert into CLASSTIME(start_time, end_time, day_of_week, week_of_semester) values("8:00", "9:40", 2, 9);
insert into CLASSTIME(start_time, end_time, day_of_week, week_of_semester) values("10:00", "11:40", 2, 9);
insert into CLASSTIME(start_time, end_time, day_of_week, week_of_semester) values("14:00", "15:40", 2, 9);
insert into CLASSTIME(start_time, end_time, day_of_week, week_of_semester) values("8:00", "9:40", 3, 9);
insert into CLASSTIME(start_time, end_time, day_of_week, week_of_semester) values("10:00", "11:40", 3, 9);
insert into CLASSTIME(start_time, end_time, day_of_week, week_of_semester) values("14:00", "15:40", 3, 9);
insert into CLASSTIME(start_time, end_time, day_of_week, week_of_semester) values("8:00", "9:40", 4, 9);
insert into CLASSTIME(start_time, end_time, day_of_week, week_of_semester) values("10:00", "11:40", 4, 9);
insert into CLASSTIME(start_time, end_time, day_of_week, week_of_semester) values("14:00", "15:40", 4, 9);
insert into CLASSTIME(start_time, end_time, day_of_week, week_of_semester) values("8:00", "9:40", 5, 9);
insert into CLASSTIME(start_time, end_time, day_of_week, week_of_semester) values("10:00", "11:40", 5, 9);
insert into CLASSTIME(start_time, end_time, day_of_week, week_of_semester) values("14:00", "15:40", 5, 9);
insert into CLASSTIME(start_time, end_time, day_of_week, week_of_semester) values("8:00", "9:40", 1, 10);
insert into CLASSTIME(start_time, end_time, day_of_week, week_of_semester) values("10:00", "11:40", 1, 10);
insert into CLASSTIME(start_time, end_time, day_of_week, week_of_semester) values("14:00", "15:40", 1, 10);
insert into CLASSTIME(start_time, end_time, day_of_week, week_of_semester) values("8:00", "9:40", 2, 10);
insert into CLASSTIME(start_time, end_time, day_of_week, week_of_semester) values("10:00", "11:40", 2, 10);
insert into CLASSTIME(start_time, end_time, day_of_week, week_of_semester) values("14:00", "15:40", 2, 10);
insert into CLASSTIME(start_time, end_time, day_of_week, week_of_semester) values("8:00", "9:40", 3, 10);
insert into CLASSTIME(start_time, end_time, day_of_week, week_of_semester) values("10:00", "11:40", 3, 10);
insert into CLASSTIME(start_time, end_time, day_of_week, week_of_semester) values("14:00", "15:40", 3, 10);
insert into CLASSTIME(start_time, end_time, day_of_week, week_of_semester) values("8:00", "9:40", 4, 10);
insert into CLASSTIME(start_time, end_time, day_of_week, week_of_semester) values("10:00", "11:40", 4, 10);
insert into CLASSTIME(start_time, end_time, day_of_week, week_of_semester) values("14:00", "15:40", 4, 10);
insert into CLASSTIME(start_time, end_time, day_of_week, week_of_semester) values("8:00", "9:40", 5, 10);
insert into CLASSTIME(start_time, end_time, day_of_week, week_of_semester) values("10:00", "11:40", 5, 10);
insert into CLASSTIME(start_time, end_time, day_of_week, week_of_semester) values("14:00", "15:40", 5, 10);
insert into CLASSTIME(start_time, end_time, day_of_week, week_of_semester) values("8:00", "9:40", 1, 11);
insert into CLASSTIME(start_time, end_time, day_of_week, week_of_semester) values("10:00", "11:40", 1, 11);
insert into CLASSTIME(start_time, end_time, day_of_week, week_of_semester) values("14:00", "15:40", 1, 11);
insert into CLASSTIME(start_time, end_time, day_of_week, week_of_semester) values("8:00", "9:40", 2, 11);
insert into CLASSTIME(start_time, end_time, day_of_week, week_of_semester) values("10:00", "11:40", 2, 11);
insert into CLASSTIME(start_time, end_time, day_of_week, week_of_semester) values("14:00", "15:40", 2, 11);
insert into CLASSTIME(start_time, end_time, day_of_week, week_of_semester) values("8:00", "9:40", 3, 11);
insert into CLASSTIME(start_time, end_time, day_of_week, week_of_semester) values("10:00", "11:40", 3, 11);
insert into CLASSTIME(start_time, end_time, day_of_week, week_of_semester) values("14:00", "15:40", 3, 11);
insert into CLASSTIME(start_time, end_time, day_of_week, week_of_semester) values("8:00", "9:40", 4, 11);
insert into CLASSTIME(start_time, end_time, day_of_week, week_of_semester) values("10:00", "11:40", 4, 11);
insert into CLASSTIME(start_time, end_time, day_of_week, week_of_semester) values("14:00", "15:40", 4, 11);
insert into CLASSTIME(start_time, end_time, day_of_week, week_of_semester) values("8:00", "9:40", 5, 11);
insert into CLASSTIME(start_time, end_time, day_of_week, week_of_semester) values("10:00", "11:40", 5, 11);
insert into CLASSTIME(start_time, end_time, day_of_week, week_of_semester) values("14:00", "15:40", 5, 11);
insert into CLASSTIME(start_time, end_time, day_of_week, week_of_semester) values("8:00", "9:40", 1, 12);
insert into CLASSTIME(start_time, end_time, day_of_week, week_of_semester) values("10:00", "11:40", 1, 12);
insert into CLASSTIME(start_time, end_time, day_of_week, week_of_semester) values("14:00", "15:40", 1, 12);
insert into CLASSTIME(start_time, end_time, day_of_week, week_of_semester) values("8:00", "9:40", 2, 12);
insert into CLASSTIME(start_time, end_time, day_of_week, week_of_semester) values("10:00", "11:40", 2, 12);
insert into CLASSTIME(start_time, end_time, day_of_week, week_of_semester) values("14:00", "15:40", 2, 12);
insert into CLASSTIME(start_time, end_time, day_of_week, week_of_semester) values("8:00", "9:40", 3, 12);
insert into CLASSTIME(start_time, end_time, day_of_week, week_of_semester) values("10:00", "11:40", 3, 12);
insert into CLASSTIME(start_time, end_time, day_of_week, week_of_semester) values("14:00", "15:40", 3, 12);
insert into CLASSTIME(start_time, end_time, day_of_week, week_of_semester) values("8:00", "9:40", 4, 12);
insert into CLASSTIME(start_time, end_time, day_of_week, week_of_semester) values("10:00", "11:40", 4, 12);
insert into CLASSTIME(start_time, end_time, day_of_week, week_of_semester) values("14:00", "15:40", 4, 12);
insert into CLASSTIME(start_time, end_time, day_of_week, week_of_semester) values("8:00", "9:40", 5, 12);
insert into CLASSTIME(start_time, end_time, day_of_week, week_of_semester) values("10:00", "11:40", 5, 12);
insert into CLASSTIME(start_time, end_time, day_of_week, week_of_semester) values("14:00", "15:40", 5, 12);
insert into CLASSTIME(start_time, end_time, day_of_week, week_of_semester) values("8:00", "9:40", 1, 13);
insert into CLASSTIME(start_time, end_time, day_of_week, week_of_semester) values("10:00", "11:40", 1, 13);
insert into CLASSTIME(start_time, end_time, day_of_week, week_of_semester) values("14:00", "15:40", 1, 13);
insert into CLASSTIME(start_time, end_time, day_of_week, week_of_semester) values("8:00", "9:40", 2, 13);
insert into CLASSTIME(start_time, end_time, day_of_week, week_of_semester) values("10:00", "11:40", 2, 13);
insert into CLASSTIME(start_time, end_time, day_of_week, week_of_semester) values("14:00", "15:40", 2, 13);
insert into CLASSTIME(start_time, end_time, day_of_week, week_of_semester) values("8:00", "9:40", 3, 13);
insert into CLASSTIME(start_time, end_time, day_of_week, week_of_semester) values("10:00", "11:40", 3, 13);
insert into CLASSTIME(start_time, end_time, day_of_week, week_of_semester) values("14:00", "15:40", 3, 13);
insert into CLASSTIME(start_time, end_time, day_of_week, week_of_semester) values("8:00", "9:40", 4, 13);
insert into CLASSTIME(start_time, end_time, day_of_week, week_of_semester) values("10:00", "11:40", 4, 13);
insert into CLASSTIME(start_time, end_time, day_of_week, week_of_semester) values("14:00", "15:40", 4, 13);
insert into CLASSTIME(start_time, end_time, day_of_week, week_of_semester) values("8:00", "9:40", 5, 13);
insert into CLASSTIME(start_time, end_time, day_of_week, week_of_semester) values("10:00", "11:40", 5, 13);
insert into CLASSTIME(start_time, end_time, day_of_week, week_of_semester) values("14:00", "15:40", 5, 13);
insert into CLASSTIME(start_time, end_time, day_of_week, week_of_semester) values("8:00", "9:40", 1, 14);
insert into CLASSTIME(start_time, end_time, day_of_week, week_of_semester) values("10:00", "11:40", 1, 14);
insert into CLASSTIME(start_time, end_time, day_of_week, week_of_semester) values("14:00", "15:40", 1, 14);
insert into CLASSTIME(start_time, end_time, day_of_week, week_of_semester) values("8:00", "9:40", 2, 14);
insert into CLASSTIME(start_time, end_time, day_of_week, week_of_semester) values("10:00", "11:40", 2, 14);
insert into CLASSTIME(start_time, end_time, day_of_week, week_of_semester) values("14:00", "15:40", 2, 14);
insert into CLASSTIME(start_time, end_time, day_of_week, week_of_semester) values("8:00", "9:40", 3, 14);
insert into CLASSTIME(start_time, end_time, day_of_week, week_of_semester) values("10:00", "11:40", 3, 14);
insert into CLASSTIME(start_time, end_time, day_of_week, week_of_semester) values("14:00", "15:40", 3, 14);
insert into CLASSTIME(start_time, end_time, day_of_week, week_of_semester) values("8:00", "9:40", 4, 14);
insert into CLASSTIME(start_time, end_time, day_of_week, week_of_semester) values("10:00", "11:40", 4, 14);
insert into CLASSTIME(start_time, end_time, day_of_week, week_of_semester) values("14:00", "15:40", 4, 14);
insert into CLASSTIME(start_time, end_time, day_of_week, week_of_semester) values("8:00", "9:40", 5, 14);
insert into CLASSTIME(start_time, end_time, day_of_week, week_of_semester) values("10:00", "11:40", 5, 14);
insert into CLASSTIME(start_time, end_time, day_of_week, week_of_semester) values("14:00", "15:40", 5, 14);
insert into CLASSTIME(start_time, end_time, day_of_week, week_of_semester) values("8:00", "9:40", 1, 15);
insert into CLASSTIME(start_time, end_time, day_of_week, week_of_semester) values("10:00", "11:40", 1, 15);
insert into CLASSTIME(start_time, end_time, day_of_week, week_of_semester) values("14:00", "15:40", 1, 15);
insert into CLASSTIME(start_time, end_time, day_of_week, week_of_semester) values("8:00", "9:40", 2, 15);
insert into CLASSTIME(start_time, end_time, day_of_week, week_of_semester) values("10:00", "11:40", 2, 15);
insert into CLASSTIME(start_time, end_time, day_of_week, week_of_semester) values("14:00", "15:40", 2, 15);
insert into CLASSTIME(start_time, end_time, day_of_week, week_of_semester) values("8:00", "9:40", 3, 15);
insert into CLASSTIME(start_time, end_time, day_of_week, week_of_semester) values("10:00", "11:40", 3, 15);
insert into CLASSTIME(start_time, end_time, day_of_week, week_of_semester) values("14:00", "15:40", 3, 15);
insert into CLASSTIME(start_time, end_time, day_of_week, week_of_semester) values("8:00", "9:40", 4, 15);
insert into CLASSTIME(start_time, end_time, day_of_week, week_of_semester) values("10:00", "11:40", 4, 15);
insert into CLASSTIME(start_time, end_time, day_of_week, week_of_semester) values("14:00", "15:40", 4, 15);
insert into CLASSTIME(start_time, end_time, day_of_week, week_of_semester) values("8:00", "9:40", 5, 15);
insert into CLASSTIME(start_time, end_time, day_of_week, week_of_semester) values("10:00", "11:40", 5, 15);
insert into CLASSTIME(start_time, end_time, day_of_week, week_of_semester) values("14:00", "15:40", 5, 15);
insert into CLASSTIME(start_time, end_time, day_of_week, week_of_semester) values("8:00", "9:40", 1, 16);
insert into CLASSTIME(start_time, end_time, day_of_week, week_of_semester) values("10:00", "11:40", 1, 16);
insert into CLASSTIME(start_time, end_time, day_of_week, week_of_semester) values("14:00", "15:40", 1, 16);
insert into CLASSTIME(start_time, end_time, day_of_week, week_of_semester) values("8:00", "9:40", 2, 16);
insert into CLASSTIME(start_time, end_time, day_of_week, week_of_semester) values("10:00", "11:40", 2, 16);
insert into CLASSTIME(start_time, end_time, day_of_week, week_of_semester) values("14:00", "15:40", 2, 16);
insert into CLASSTIME(start_time, end_time, day_of_week, week_of_semester) values("8:00", "9:40", 3, 16);
insert into CLASSTIME(start_time, end_time, day_of_week, week_of_semester) values("10:00", "11:40", 3, 16);
insert into CLASSTIME(start_time, end_time, day_of_week, week_of_semester) values("14:00", "15:40", 3, 16);
insert into CLASSTIME(start_time, end_time, day_of_week, week_of_semester) values("8:00", "9:40", 4, 16);
insert into CLASSTIME(start_time, end_time, day_of_week, week_of_semester) values("10:00", "11:40", 4, 16);
insert into CLASSTIME(start_time, end_time, day_of_week, week_of_semester) values("14:00", "15:40", 4, 16);
insert into CLASSTIME(start_time, end_time, day_of_week, week_of_semester) values("8:00", "9:40", 5, 16);
insert into CLASSTIME(start_time, end_time, day_of_week, week_of_semester) values("10:00", "11:40", 5, 16);
insert into CLASSTIME(start_time, end_time, day_of_week, week_of_semester) values("14:00", "15:40", 5, 16);

insert into CLASSLOCATION values(1, "101");
insert into CLASSLOCATION values(1, "102");
insert into CLASSLOCATION values(1, "103");
insert into CLASSLOCATION values(1, "104");
insert into CLASSLOCATION values(1, "105");
insert into CLASSLOCATION values(1, "106");
insert into CLASSLOCATION values(1, "107");
insert into CLASSLOCATION values(1, "108");
insert into CLASSLOCATION values(1, "201");
insert into CLASSLOCATION values(1, "202");
insert into CLASSLOCATION values(1, "203");
insert into CLASSLOCATION values(1, "204");
insert into CLASSLOCATION values(1, "205");
insert into CLASSLOCATION values(1, "206");
insert into CLASSLOCATION values(1, "207");
insert into CLASSLOCATION values(1, "208");
insert into CLASSLOCATION values(1, "301");
insert into CLASSLOCATION values(1, "302");
insert into CLASSLOCATION values(1, "303");
insert into CLASSLOCATION values(1, "304");
insert into CLASSLOCATION values(1, "305");
insert into CLASSLOCATION values(1, "306");
insert into CLASSLOCATION values(1, "307");
insert into CLASSLOCATION values(1, "308");
insert into CLASSLOCATION values(1, "401");
insert into CLASSLOCATION values(1, "402");
insert into CLASSLOCATION values(1, "403");
insert into CLASSLOCATION values(1, "404");
insert into CLASSLOCATION values(1, "405");
insert into CLASSLOCATION values(1, "406");
insert into CLASSLOCATION values(1, "407");
insert into CLASSLOCATION values(1, "408");
insert into CLASSLOCATION values(2, "101");
insert into CLASSLOCATION values(2, "102");
insert into CLASSLOCATION values(2, "103");
insert into CLASSLOCATION values(2, "104");
insert into CLASSLOCATION values(2, "105");
insert into CLASSLOCATION values(2, "106");
insert into CLASSLOCATION values(2, "107");
insert into CLASSLOCATION values(2, "108");
insert into CLASSLOCATION values(2, "201");
insert into CLASSLOCATION values(2, "202");
insert into CLASSLOCATION values(2, "203");
insert into CLASSLOCATION values(2, "204");
insert into CLASSLOCATION values(2, "205");
insert into CLASSLOCATION values(2, "206");
insert into CLASSLOCATION values(2, "207");
insert into CLASSLOCATION values(2, "208");
insert into CLASSLOCATION values(2, "301");
insert into CLASSLOCATION values(2, "302");
insert into CLASSLOCATION values(2, "303");
insert into CLASSLOCATION values(2, "304");
insert into CLASSLOCATION values(2, "305");
insert into CLASSLOCATION values(2, "306");
insert into CLASSLOCATION values(2, "307");
insert into CLASSLOCATION values(2, "308");
insert into CLASSLOCATION values(2, "401");
insert into CLASSLOCATION values(2, "402");
insert into CLASSLOCATION values(2, "403");
insert into CLASSLOCATION values(2, "404");
insert into CLASSLOCATION values(2, "405");
insert into CLASSLOCATION values(2, "406");
insert into CLASSLOCATION values(2, "407");
insert into CLASSLOCATION values(2, "408");
insert into CLASSLOCATION values(3, "101");
insert into CLASSLOCATION values(3, "102");
insert into CLASSLOCATION values(3, "103");
insert into CLASSLOCATION values(3, "104");
insert into CLASSLOCATION values(3, "105");
insert into CLASSLOCATION values(3, "106");
insert into CLASSLOCATION values(3, "107");
insert into CLASSLOCATION values(3, "108");
insert into CLASSLOCATION values(3, "201");
insert into CLASSLOCATION values(3, "202");
insert into CLASSLOCATION values(3, "203");
insert into CLASSLOCATION values(3, "204");
insert into CLASSLOCATION values(3, "205");
insert into CLASSLOCATION values(3, "206");
insert into CLASSLOCATION values(3, "207");
insert into CLASSLOCATION values(3, "208");
insert into CLASSLOCATION values(3, "301");
insert into CLASSLOCATION values(3, "302");
insert into CLASSLOCATION values(3, "303");
insert into CLASSLOCATION values(3, "304");
insert into CLASSLOCATION values(3, "305");
insert into CLASSLOCATION values(3, "306");
insert into CLASSLOCATION values(3, "307");
insert into CLASSLOCATION values(3, "308");
insert into CLASSLOCATION values(3, "401");
insert into CLASSLOCATION values(3, "402");
insert into CLASSLOCATION values(3, "403");
insert into CLASSLOCATION values(3, "404");
insert into CLASSLOCATION values(3, "405");
insert into CLASSLOCATION values(3, "406");
insert into CLASSLOCATION values(3, "407");
insert into CLASSLOCATION values(3, "408");
insert into CLASSLOCATION values(4, "101");
insert into CLASSLOCATION values(4, "102");
insert into CLASSLOCATION values(4, "103");
insert into CLASSLOCATION values(4, "104");
insert into CLASSLOCATION values(4, "105");
insert into CLASSLOCATION values(4, "106");
insert into CLASSLOCATION values(4, "107");
insert into CLASSLOCATION values(4, "108");
insert into CLASSLOCATION values(4, "201");
insert into CLASSLOCATION values(4, "202");
insert into CLASSLOCATION values(4, "203");
insert into CLASSLOCATION values(4, "204");
insert into CLASSLOCATION values(4, "205");
insert into CLASSLOCATION values(4, "206");
insert into CLASSLOCATION values(4, "207");
insert into CLASSLOCATION values(4, "208");
insert into CLASSLOCATION values(4, "301");
insert into CLASSLOCATION values(4, "302");
insert into CLASSLOCATION values(4, "303");
insert into CLASSLOCATION values(4, "304");
insert into CLASSLOCATION values(4, "305");
insert into CLASSLOCATION values(4, "306");
insert into CLASSLOCATION values(4, "307");
insert into CLASSLOCATION values(4, "308");
insert into CLASSLOCATION values(4, "401");
insert into CLASSLOCATION values(4, "402");
insert into CLASSLOCATION values(4, "403");
insert into CLASSLOCATION values(4, "404");
insert into CLASSLOCATION values(4, "405");
insert into CLASSLOCATION values(4, "406");
insert into CLASSLOCATION values(4, "407");
insert into CLASSLOCATION values(4, "408");
insert into CLASSLOCATION values(5, "101");
insert into CLASSLOCATION values(5, "102");
insert into CLASSLOCATION values(5, "103");
insert into CLASSLOCATION values(5, "104");
insert into CLASSLOCATION values(5, "105");
insert into CLASSLOCATION values(5, "106");
insert into CLASSLOCATION values(5, "107");
insert into CLASSLOCATION values(5, "108");
insert into CLASSLOCATION values(5, "201");
insert into CLASSLOCATION values(5, "202");
insert into CLASSLOCATION values(5, "203");
insert into CLASSLOCATION values(5, "204");
insert into CLASSLOCATION values(5, "205");
insert into CLASSLOCATION values(5, "206");
insert into CLASSLOCATION values(5, "207");
insert into CLASSLOCATION values(5, "208");
insert into CLASSLOCATION values(5, "301");
insert into CLASSLOCATION values(5, "302");
insert into CLASSLOCATION values(5, "303");
insert into CLASSLOCATION values(5, "304");
insert into CLASSLOCATION values(5, "305");
insert into CLASSLOCATION values(5, "306");
insert into CLASSLOCATION values(5, "307");
insert into CLASSLOCATION values(5, "308");
insert into CLASSLOCATION values(5, "401");
insert into CLASSLOCATION values(5, "402");
insert into CLASSLOCATION values(5, "403");
insert into CLASSLOCATION values(5, "404");
insert into CLASSLOCATION values(5, "405");
insert into CLASSLOCATION values(5, "406");
insert into CLASSLOCATION values(5, "407");
insert into CLASSLOCATION values(5, "408");
insert into CLASSLOCATION values(6, "101");
insert into CLASSLOCATION values(6, "102");
insert into CLASSLOCATION values(6, "103");
insert into CLASSLOCATION values(6, "104");
insert into CLASSLOCATION values(6, "105");
insert into CLASSLOCATION values(6, "106");
insert into CLASSLOCATION values(6, "107");
insert into CLASSLOCATION values(6, "108");
insert into CLASSLOCATION values(6, "201");
insert into CLASSLOCATION values(6, "202");
insert into CLASSLOCATION values(6, "203");
insert into CLASSLOCATION values(6, "204");
insert into CLASSLOCATION values(6, "205");
insert into CLASSLOCATION values(6, "206");
insert into CLASSLOCATION values(6, "207");
insert into CLASSLOCATION values(6, "208");
insert into CLASSLOCATION values(6, "301");
insert into CLASSLOCATION values(6, "302");
insert into CLASSLOCATION values(6, "303");
insert into CLASSLOCATION values(6, "304");
insert into CLASSLOCATION values(6, "305");
insert into CLASSLOCATION values(6, "306");
insert into CLASSLOCATION values(6, "307");
insert into CLASSLOCATION values(6, "308");
insert into CLASSLOCATION values(6, "401");
insert into CLASSLOCATION values(6, "402");
insert into CLASSLOCATION values(6, "403");
insert into CLASSLOCATION values(6, "404");
insert into CLASSLOCATION values(6, "405");
insert into CLASSLOCATION values(6, "406");
insert into CLASSLOCATION values(6, "407");
insert into CLASSLOCATION values(6, "408");

ALTER table ATOMCLASS CHANGE ACID ACID int not null AUTO_INCREMENT;
insert into ATOMCLASS(CID, building_number, classroom, TIMEID) values("7", 3, "202", 8);
insert into ATOMCLASS(CID, building_number, classroom, TIMEID) values("16", 6, "301", 73);
insert into ATOMCLASS(CID, building_number, classroom, TIMEID) values("10", 3, "106", 41);
insert into ATOMCLASS(CID, building_number, classroom, TIMEID) values("13", 5, "208", 104);
insert into ATOMCLASS(CID, building_number, classroom, TIMEID) values("1", 6, "202", 104);
insert into ATOMCLASS(CID, building_number, classroom, TIMEID) values("22", 3, "304", 134);
insert into ATOMCLASS(CID, building_number, classroom, TIMEID) values("7", 2, "103", 98);
insert into ATOMCLASS(CID, building_number, classroom, TIMEID) values("16", 4, "204", 34);
insert into ATOMCLASS(CID, building_number, classroom, TIMEID) values("16", 1, "201", 168);
insert into ATOMCLASS(CID, building_number, classroom, TIMEID) values("16", 1, "405", 146);
insert into ATOMCLASS(CID, building_number, classroom, TIMEID) values("13", 5, "102", 2);
insert into ATOMCLASS(CID, building_number, classroom, TIMEID) values("22", 1, "105", 91);
insert into ATOMCLASS(CID, building_number, classroom, TIMEID) values("4", 3, "203", 123);
insert into ATOMCLASS(CID, building_number, classroom, TIMEID) values("16", 1, "102", 54);
insert into ATOMCLASS(CID, building_number, classroom, TIMEID) values("4", 2, "406", 99);
insert into ATOMCLASS(CID, building_number, classroom, TIMEID) values("16", 6, "108", 15);
insert into ATOMCLASS(CID, building_number, classroom, TIMEID) values("16", 2, "207", 116);
insert into ATOMCLASS(CID, building_number, classroom, TIMEID) values("7", 4, "102", 196);
insert into ATOMCLASS(CID, building_number, classroom, TIMEID) values("1", 5, "204", 189);
insert into ATOMCLASS(CID, building_number, classroom, TIMEID) values("1", 3, "205", 167);
insert into ATOMCLASS(CID, building_number, classroom, TIMEID) values("4", 3, "402", 102);
insert into ATOMCLASS(CID, building_number, classroom, TIMEID) values("1", 1, "202", 159);
insert into ATOMCLASS(CID, building_number, classroom, TIMEID) values("10", 4, "208", 10);
insert into ATOMCLASS(CID, building_number, classroom, TIMEID) values("13", 3, "407", 99);

